{
    "accuracy": 0.7727682596934174,
    "precision": 0.8111254851228978,
    "recall": 0.8553888130968622,
    "f1": 0.8326693227091634,
    "confusion_matrix": [
        [
            230,
            146
        ],
        [
            106,
            627
        ]
    ],
    "seed": 0,
    "train_dataset": "A",
    "test_dataset": "A",
    "model_path": "models/A/model_seed0.pth"
}