{
    "accuracy": 0.7457168620378719,
    "precision": 0.7850821744627055,
    "recall": 0.8472032742155525,
    "f1": 0.8149606299212598,
    "confusion_matrix": [
        [
            206,
            170
        ],
        [
            112,
            621
        ]
    ],
    "seed": 2,
    "train_dataset": "D",
    "test_dataset": "C",
    "model_path": "models/D/model_seed2.pth"
}