{
    "accuracy": 0.7853922452660054,
    "precision": 0.8066914498141264,
    "recall": 0.888130968622101,
    "f1": 0.8454545454545455,
    "confusion_matrix": [
        [
            220,
            156
        ],
        [
            82,
            651
        ]
    ],
    "seed": 0,
    "train_dataset": "D",
    "test_dataset": "C",
    "model_path": "models/D/model_seed0.pth"
}