{
    "accuracy": 0.7754733994589721,
    "precision": 0.8002481389578163,
    "recall": 0.8799454297407913,
    "f1": 0.8382066276803118,
    "confusion_matrix": [
        [
            215,
            161
        ],
        [
            88,
            645
        ]
    ],
    "seed": 2,
    "train_dataset": "D",
    "test_dataset": "D",
    "model_path": "models/D/model_seed2.pth"
}