{
    "accuracy": 0.7556357078449053,
    "precision": 0.7866004962779156,
    "recall": 0.8649386084583902,
    "f1": 0.8239116309291747,
    "confusion_matrix": [
        [
            204,
            172
        ],
        [
            99,
            634
        ]
    ],
    "seed": 0,
    "train_dataset": "D",
    "test_dataset": "D",
    "model_path": "models/D/model_seed0.pth"
}