{
    "accuracy": 0.7592425608656447,
    "precision": 0.7919799498746867,
    "recall": 0.8622100954979536,
    "f1": 0.8256041802743305,
    "confusion_matrix": [
        [
            210,
            166
        ],
        [
            101,
            632
        ]
    ],
    "seed": 2,
    "train_dataset": "A",
    "test_dataset": "A",
    "model_path": "models/A/model_seed2.pth"
}