{
    "accuracy": 0.7060414788097386,
    "precision": 0.7894736842105263,
    "recall": 0.757162346521146,
    "f1": 0.7729805013927576,
    "confusion_matrix": [
        [
            228,
            148
        ],
        [
            178,
            555
        ]
    ],
    "seed": 2,
    "train_dataset": "A",
    "test_dataset": "D",
    "model_path": "models/A/model_seed2.pth"
}