{
    "accuracy": 0.7745716862037872,
    "precision": 0.806861499364676,
    "recall": 0.8663028649386084,
    "f1": 0.8355263157894737,
    "confusion_matrix": [
        [
            224,
            152
        ],
        [
            98,
            635
        ]
    ],
    "seed": 1,
    "train_dataset": "D",
    "test_dataset": "D",
    "model_path": "models/D/model_seed1.pth"
}