{
    "accuracy": 0.781785392245266,
    "precision": 0.8143405889884763,
    "recall": 0.8676671214188267,
    "f1": 0.8401585204755614,
    "confusion_matrix": [
        [
            231,
            145
        ],
        [
            97,
            636
        ]
    ],
    "seed": 1,
    "train_dataset": "A",
    "test_dataset": "A",
    "model_path": "models/A/model_seed1.pth"
}